Penalty,Coupling,Lambda,Energy0,Energy1,Energy2,Energy3,Energy4,Energy5,Energy6,Energy7,Energy8,Energy9,Energy10,Energy11,Energy12,Energy13,Energy14,Energy15,Energy16,Energy17,Energy18,Energy19
0,0.2,3,3.1323046519114968,4.2196726559490765,4.219672655949075,4.2196726559490685,4.21967265594907,4.219672655949074,4.219672655949076,5.08753089084721,5.133035274677695,5.13303527467769,5.229572929818023,5.2295729298180245,5.233167823654633,5.262655886522093,5.265077215075011,5.265077215075016,5.265077215075014,5.335794822089812,5.335794822089812,5.335794822089817
0,0.2,5,3.133908030122521,4.215773901301593,4.215773901301554,4.215773901301554,4.215773901301577,4.215773901301571,4.215773901301578,5.216717948128451,5.219716355827309,5.252895516090176,5.252895516090175,5.255371984431644,5.255371984431628,5.25537198443165,5.3306046241030005,5.3306046241030085,5.332112841621839,5.332112841621799,5.332112841621823,5.332164525747179
0,0.2,7,3.1339248685683616,4.215738111366697,4.215738111366587,4.21573811136665,4.215738111366666,4.215738111366682,4.215738111366659,5.219477679761889,5.219539523462807,5.255243825433465,5.255243825433537,5.255290732357164,5.255290732357142,5.255290732357207,5.332141730289489,5.332141730289494,5.332162775966599,5.332162775966554,5.332162775966516,5.332164620653191
3,0.2,3,3.132349112713723,5.087968361793714,5.241913385804922,5.264301546783179,7.0662025065135,7.228764466685745,7.23468198204307,7.574414355704101,9.143656858677035,9.238784262694569,9.266153751963918,9.338778409879103,9.500624785130658,4.224527054572145,4.224527054572133,4.224527054572146,4.224527054572136,4.224527054572135,4.224527054572131,11.237215482901359
5,0.2,5,3.133909754387294,5.217005871761563,5.219965516596488,5.35647871724232,7.236651954972834,7.328838828512845,7.338266054286747,7.345102936365976,7.44256357636816,7.845222176354352,9.271182449255354,9.395736042020904,9.397563059292342,9.459154522565605,9.489881753565394,9.861132170556528,10.25335364732767,10.342069222038878,11.315109098014137,11.411152824924473
7,0.2,7,3.1339249154619884,5.219487531949995,5.219545503696685,5.357606294071305,7.301123484857184,7.303630688829798,7.382237690023686,7.420971166981156,7.423740496381228,7.865398992291858,9.360403927261036,9.405901764390045,9.42418291568281,9.436081580777708,9.514024119125473,9.528954329757237,9.532637096059048,10.009497120973704,10.044400807876293,10.450609953869396
