Lambda,Energy
 3,3.13230465
 4,3.13406307
 5,3.13390803
 6,3.13392706
 7,3.13392487
 8,3.13392519
 9,3.133925144262986
10,3.133925151857213
11,3.13392515
12,3.13392515
13,3.13392515
14,3.13392515