Lambda,Energy
 3,3.28285159
 4,3.29894363
 5,3.29649279
 6,3.29702515
 7,3.29692058
 8,3.29694663
 9,3.29694061
10,3.29694226
11,3.29694183
12,3.29694196
13,3.29694192
14,3.29694194