Lambda,Energy
 3,3.45847992
 4,3.52625444
 5,3.51211772
 6,3.51650758
 7,3.51533549
 8,3.51573342
 9,3.51561221
10,3.51565635
11,3.51564151
12,3.51564726
13,3.51564518
14,3.51564602